<?xml version="1.0" encoding="utf-8"?>
<edmx:Edmx Version="4.0" xmlns:edmx="http://docs.oasis-open.org/odata/ns/edmx">
    <edmx:Reference Uri="https://sap.github.io/odata-vocabularies/vocabularies/Common.xml">
        <edmx:Include Alias="Common" Namespace="com.sap.vocabularies.Common.v1"/>
    </edmx:Reference>
    <edmx:Reference Uri="https://oasis-tcs.github.io/odata-vocabularies/vocabularies/Org.OData.Core.V1.xml">
        <edmx:Include Alias="Core" Namespace="Org.OData.Core.V1"/>
    </edmx:Reference>
    <edmx:DataServices>
        <Schema Namespace="VersionService" xmlns="http://docs.oasis-open.org/odata/ns/edm">
            <EntityContainer Name="EntityContainer">
                <EntitySet Name="Version" EntityType="VersionService.Version"/>
            </EntityContainer>
            <EntityType Name="Version">
                <Property Name="Version" Type="Edm.String" MaxLength="100"/>
                <Property Name="Guruprasad" Type="Edm.String" MaxLength="100"/>
                <Property Name="Supplier_Demo2" Type="Edm.String" MaxLength="100"/>
            </EntityType>
        </Schema>
    </edmx:DataServices>
</edmx:Edmx>