{
  "test/integration/pages/VersionInfoObjectPage-dbg.js": 1694154201993,
  "manifest.json": 1694499433334,
  "test/integration/pages/VersionInfoList.js": 1694154201993,
  "test/integration/opaTests.qunit.js": 1694154201981,
  "test/integration/FirstJourney.js": 1694154202001,
  "test/testsuite.qunit.js": 1694154201981,
  "xs-app.json": 1694499433310,
  "test/integration/pages/VersionInfoObjectPage.js": 1694154201993,
  "Component.js": 1694154201965,
  "Component-dbg.js": 1694154201965,
  "Component.js.map": 1704780734436,
  "test/integration/opaTests.qunit-dbg.js": 1694154201981,
  "test/integration/opaTests.qunit.js.map": 1704780734440,
  "test/integration/FirstJourney-dbg.js": 1694154202001,
  "test/integration/FirstJourney.js.map": 1704780734426,
  "test/testsuite.qunit-dbg.js": 1694154201981,
  "test/testsuite.qunit.js.map": 1704780734422,
  "i18n/i18n.properties": 1694154223461,
  "test/integration/pages/VersionInfoObjectPage.js.map": 1704780734437,
  "test/integration/pages/VersionInfoList-dbg.js": 1694154201993,
  "test/integration/pages/VersionInfoList.js.map": 1704780734437,
  "Component-preload.js": 1704780734688,
  "Component-preload.js.map": 1704780734688,
  "test/integration/opaTests.qunit.html": 1694154201981,
  "test/testsuite.qunit.html": 1694154201977,
  "test/flpSandbox.html": 1694154201977,
  "localService/metadata.xml": 1694154201977,
  "index.html": 1694154201965
}