{
  "ext/controller/Version.controller.js.map": 1704780713394,
  "test/integration/pages/idTabObjectPage.js": 1694242049303,
  "test/integration/pages/idTabList.js": 1694242049303,
  "test/integration/pages/EvtObjectPage.js": 1694242049419,
  "test/integration/opaTests.qunit.js": 1694242049203,
  "test/integration/FirstJourney.js": 1694242049719,
  "ext/controller/Version.controller.js": 1704780343657,
  "test/testsuite.qunit.js": 1694242049179,
  "xs-app.json": 1694499433310,
  "manifest.json": 1704780220614,
  "Component.js": 1694242048791,
  "test/integration/pages/EvtObjectPage-dbg.js": 1694242049419,
  "test/integration/pages/EvtObjectPage.js.map": 1704780713258,
  "test/integration/pages/idTabList-dbg.js": 1694242049303,
  "test/integration/pages/idTabList.js.map": 1704780713308,
  "test/integration/pages/idTabObjectPage-dbg.js": 1694242049303,
  "test/integration/pages/idTabObjectPage.js.map": 1704780713246,
  "test/integration/opaTests.qunit-dbg.js": 1694242049203,
  "test/integration/opaTests.qunit.js.map": 1704780713369,
  "test/integration/FirstJourney-dbg.js": 1694242049719,
  "test/integration/FirstJourney.js.map": 1704780713308,
  "ext/controller/Version-dbg.controller.js": 1704780343657,
  "i18n/i18n.properties": 1694242086231,
  "test/testsuite.qunit-dbg.js": 1694242049179,
  "test/testsuite.qunit.js.map": 1704780713330,
  "Component-dbg.js": 1694242048791,
  "Component.js.map": 1704780713316,
  "Component-preload.js": 1704780713789,
  "Component-preload.js.map": 1704780713789,
  "test/integration/opaTests.qunit.html": 1694242049203,
  "test/testsuite.qunit.html": 1694242049119,
  "test/flpSandbox.html": 1694242049119,
  "localService/metadata.xml": 1694242049027,
  "css/styles.css": 1704780363313,
  "index.html": 1694242048791
}