{
  "ext/controller/Controller.controller.js": 1704363279537,
  "test/integration/FirstJourney.js": 1693332902000,
  "test/integration/pages/VersionList.js": 1693332902000,
  "test/integration/opaTests.qunit.js": 1693332902000,
  "test/integration/pages/VersionObjectPage.js": 1693332902000,
  "i18n/i18n.properties": 1693332918000,
  "test/testsuite.qunit.js": 1693332902000,
  "xs-app.json": 1694499433310,
  "manifest.json": 1704360991599,
  "Component.js": 1693332901000,
  "test/testsuite.qunit-dbg.js": 1693332902000,
  "test/testsuite.qunit.js.map": 1704780724892,
  "test/integration/pages/VersionList-dbg.js": 1693332902000,
  "test/integration/pages/VersionList.js.map": 1704780724843,
  "test/integration/opaTests.qunit-dbg.js": 1693332902000,
  "test/integration/opaTests.qunit.js.map": 1704780724892,
  "test/integration/pages/VersionObjectPage-dbg.js": 1693332902000,
  "test/integration/pages/VersionObjectPage.js.map": 1704780724802,
  "ext/controller/Controller-dbg.controller.js": 1704363279537,
  "ext/controller/Controller.controller.js.map": 1704780724893,
  "test/integration/FirstJourney-dbg.js": 1693332902000,
  "test/integration/FirstJourney.js.map": 1704780724892,
  "Component-dbg.js": 1693332901000,
  "Component.js.map": 1704780724904,
  "Component-preload.js": 1704780725197,
  "Component-preload.js.map": 1704780725197,
  "test/integration/opaTests.qunit.html": 1693332902000,
  "test/testsuite.qunit.html": 1693332902000,
  "test/flpSandbox.html": 1693332902000,
  "localService/metadata.xml": 1693332902000,
  "index.html": 1693332901000
}